ticker,date,daily_return,return_zscore,volume_zscore,summary
A,2026-05-28,0.169,3.871961383906237,3.184511235952234,"# Analysis of Stock A Anomaly (2026-05-28)

The 16.9% daily return spike was likely triggered by the negative headline regarding Kia's flagship EV battery problem, which would typically cause a stock decline rather than a surge. This suggests the market may have **overreacted positively to a buying opportunity** following the news, interpreting the battery issue as a temporary setback in an otherwise strong EV business, or competitors may have benefited from reduced competition. The elevated volume Z-score (3.18) indicates heavy trading activity coinciding with this news, suggesting investors rushed to reposition their portfolios in response to the headline."
ADBE,2026-05-29,0.074,2.3012340962982796,3.0346910849563837,"# ADBE Anomaly Analysis

The 7.4% daily surge was likely driven by positive market sentiment around Adobe's AI agent capabilities, which investors view as a strategic advantage in the increasingly competitive generative AI landscape. The headline signaling ""future proofing"" suggests the market is pricing in long-term growth potential from this AI innovation, encouraging both new buyers and existing shareholders to increase positions. The elevated volume Z-score (3.03) confirms this wasn't just price movement—substantial investor interest backed the rally, indicating broad conviction in the company's AI-powered growth prospects."
ADSK,2026-05-29,-0.04,-1.355562560460347,3.7263345645676345,"# ADSK Anomaly Analysis

The negative return despite positive news suggests that **investor conference announcements are typically pre-announced and already priced in** by the market, so the news itself didn't provide new catalysts for buying. The unusually high volume (Z-score of 3.73) indicates significant trading activity, which likely reflects either profit-taking after previous gains or rebalancing by institutional investors, overwhelming any bullish sentiment from the conference presentation news."
ARE,2026-06-02,0.085,2.5921225673828436,3.2015527873730685,"# ARE Stock Anomaly Analysis

The 8.5% daily return with a Z-score of 2.59 was likely driven by the positive news about Acer's new Iconia Duo Tablets targeting the creative professional market, which could signal strong product innovation and revenue growth potential. The elevated volume Z-score of 3.20 suggests investors reacted with significantly above-average trading activity to this product announcement, amplifying the price movement."
ATO,2026-05-29,-0.023,-1.7698755227961263,3.9960646073217054,"# ATO Stock Anomaly Analysis

The negative return despite positive operational news suggests the market may have reacted negatively to the **capital expenditure required** to establish and operate two new facilities simultaneously, outweighing the benefits of expansion. The unusually high volume (Z-score 4.00) indicates significant selling pressure, possibly from investors concerned about near-term profitability impact or execution risks associated with the dual campus launches, even though the expansion represents long-term growth potential."
AVGO,2026-06-04,-0.126,-2.826449005450817,3.1466342750970586,"# AVGO Stock Anomaly Analysis

Broadcom experienced a severe selloff on June 4, 2026, likely triggered by disappointing Q2 earnings results that failed to meet market expectations or provide positive forward guidance for the semiconductor company. The significant volume spike (Z-Score: 3.15) suggests panic selling and institutional liquidation, while the -12.6% daily decline (Z-Score: -2.83) indicates this was an extreme, multi-standard-deviation move. Options market data had apparently signaled this weakness ahead of time, suggesting sophisticated investors had positioned defensively before the disappointing results were announced."
BA,2026-05-14,-0.047,-1.7501319507727104,3.5665490640422823,"# BA Stock Anomaly Analysis

The significant volume spike (Z-score of 3.57) combined with the -4.7% daily decline likely reflects investor uncertainty surrounding the Trump-Xi Summit mentioned in the headlines. While the summit potentially offered positive catalysts for Boeing (a major defense and commercial aerospace contractor), market participants may have sold on concerns about trade tensions, tariffs, or geopolitical risks that could impact the company's supply chain and international business—causing the elevated trading activity despite negative price movement."
BALL,2026-05-29,-0.028,-1.689557430957198,3.8974252820142996,"# BALL Stock Anomaly Analysis

The sharp 2.8% decline with elevated volume (Z-score 3.90) was likely triggered by the headline reporting that professional sports are banning smart glasses due to betting concerns. Since Ball Corporation supplies packaging for beverage and consumer products heavily tied to sports sponsorships and events, regulatory restrictions on sports technology could signal reduced promotional opportunities and sponsorship value. The unrelated hailstorm headline appears coincidental, though it could marginally impact operations or logistics for Ball's manufacturing facilities."
BBY,2026-05-28,0.158,3.442420763783574,3.285052569318557,"# BBY Anomaly Analysis

The exceptional 15.8% daily return for Best Buy (BBY) was likely driven by broad market enthusiasm following positive US-Iran truce reports, which reduced geopolitical risk and boosted investor sentiment across the entire market, particularly in the tech-heavy Nasdaq 100. The elevated volume Z-score (3.29) suggests this wasn't just price movement but genuine increased trading activity, as investors repositioned portfolios in response to improved global conditions. While BBY isn't directly connected to geopolitical tensions, its consumer discretionary classification makes it sensitive to risk-on market rallies when macro concerns diminish."
BIIB,2026-05-14,-0.064,-2.916138385381765,3.2370619263092415,"# BIIB Stock Anomaly Analysis

The significant -6.4% drop despite completing the Apellis acquisition suggests market disappointment with the deal terms or valuation. The combination of negative returns with elevated volume (Z-score 3.24) indicates heavy selling pressure, likely driven by investors reacting unfavorably to the acquisition price, financing structure, or perceived overpayment for Apellis—a common market reaction when biotech companies announce major acquisitions."
BLDR,2026-05-29,-0.006,-0.1282582420640356,4.106285930958411,"# BLDR Anomaly Analysis (2026-05-29)

Without any news headlines to reference, the -0.6% decline appears to be driven by **technical or market-wide factors rather than company-specific news**. The notably elevated volume Z-score of 4.11 suggests unusually high trading activity, which could indicate institutional rebalancing, options expiration effects, or sector-wide selling pressure affecting homebuilders. The modest negative return paired with the extreme volume spike suggests traders were actively repositioning rather than reacting to fundamental company developments."
BSX,2026-05-27,-0.125,-3.425438270408311,2.776969273802011,"# Boston Scientific (BSX) Analysis

Despite positive trial results showing over 93% device success, the stock experienced a sharp 12.5% decline with an extreme negative z-score of -3.43. This disconnect likely reflects that the trial results, while clinically positive, failed to meet market expectations for efficacy rates or failed to address investor concerns about the device's commercial viability, pricing, or competitive positioning. The elevated volume z-score (2.78) suggests this was driven by significant selling pressure as investors reassessed their valuations in light of the actual results versus what was priced into the stock beforehand."
CBOE,2026-06-02,-0.084,-2.1915028527483296,3.3351632004984384,"# CBOE Stock Anomaly Analysis

The sharp -8.4% decline in CBOE stock appears driven by negative sentiment toward the company's 0DTE (zero days to expiration) covered call ETF products, with an analyst report directly criticizing these offerings as inferior to simply buying SPY, undermining a key revenue driver. Additionally, broader regulatory concerns from the CFTC regarding market structure changes have created headwinds across exchange stocks, though CBOE may be particularly vulnerable given its heavy reliance on derivatives trading products. The elevated volume Z-score (3.34) confirms this was an institutional sell-off event rather than normal trading activity."
CEG,2026-06-01,-0.077,-1.9205470234113016,3.251157164397365,"# CEG Anomaly Analysis

Without any news headlines available, the -7.7% decline appears to be driven by **technical or market-wide factors** rather than company-specific events. The elevated volume Z-score (3.25) indicates abnormally high trading activity, suggesting this was a coordinated sell-off, possibly due to sector rotation, market correction, or algorithmic trading rather than negative company fundamentals."
CIEN,2026-06-04,-0.137,-2.3694509411063684,3.530919024418794,"# CIEN Anomaly Analysis

The strong negative return despite positive earnings guidance suggests a **broader market sell-off in technology stocks** is overwhelming company-specific positive news. The unusually high volume (Z-score 3.53) indicates panic selling, likely driven by sector-wide weakness rather than fundamental concerns about Ciena itself, creating a disconnect between the company's strong operational performance and its stock price decline."
CLX,2026-05-29,-0.064,-2.6688497129902253,3.011783259927799,"# Analysis of CLX Anomaly on 2026-05-29

The headline appears to be in Japanese and discusses a new Crux 5 gravel race bike with shortened time-to-goal features. However, this positive product announcement seems **misaligned with the -6.4% stock decline**, suggesting the market may have reacted negatively to factors not captured in the headline—such as disappointing earnings, guidance cuts, supply chain issues, or competitive concerns that overshadowed the new product launch. The elevated volume Z-score (3.01) indicates heavy selling pressure, which is inconsistent with typical enthusiasm for a new product release, pointing to broader negative sentiment or news not reflected in the provided headline."
COO,2026-06-05,0.086,3.304932789647972,3.313935334272253,"# COO Stock Anomaly Analysis

The significant 8.6% daily return with elevated Z-scores (3.30-3.31) was likely driven by positive sentiment around AI adoption in financial services, as Goldman Sachs' CEO commentary on AI-driven transformation could have boosted investor confidence in AI-focused companies like COO. However, the mixed headlines—including skepticism about ""tokenmaxxing"" and concerns about hiring contractions—suggest the move may also reflect broader market reassessment of which AI plays will deliver real value versus hype, potentially creating volatility as institutional investors repositioned accordingly."
COST,2026-05-29,-0.039,-2.112061660226596,3.97028118955142,"# COST Stock Anomaly Analysis (May 29, 2026)

The -3.9% decline with elevated volume (Z-score 3.97) was likely triggered by the severe weather event (""golf ball-sized"" hailstones), which typically impacts Costco's warehouse operations, inventory, and supply chain logistics. The elevated trading volume suggests investors reacted to concerns about potential facility damage, business disruption, or insurance costs at one or more of Costco's locations in the affected region."
CSCO,2026-05-14,0.134,3.0803666109004344,3.440851758811,"# CSCO Anomaly Analysis (May 14, 2026)

The 13.4% surge appears driven by market enthusiasm over Cisco's $1 billion AI restructuring plan, which investors interpreted as a strategic pivot toward high-growth artificial intelligence capabilities. Despite the negative headline about 4,000 layoffs, the market rewarded the cost-cutting measures as a path to improved profitability and competitive positioning in the AI sector. The unusually high volume (Z-score 3.44) indicates broad institutional and retail participation in buying the stock on this transformative announcement."
CSGP,2026-05-15,0.026,1.2089320802837586,4.145474726341361,"# CSGP Anomaly Analysis

Based on the available data, the lack of news headlines suggests this 2.6% daily gain was likely driven by **technical factors rather than company-specific news**. The elevated volume Z-score of 4.15 (significantly above normal) indicates unusually high trading activity, which could reflect broad market movement, sector rotation, or algorithmic trading activity. Without accompanying news catalysts, this appears to be a momentum-driven or market-wide event rather than a fundamental shift in the company's outlook."
D,2026-05-18,0.094,3.473422432021827,3.6877002750436008,"# Stock D Anomaly Analysis (2026-05-18)

Based on the headlines provided, the 9.4% daily return with exceptionally high z-scores (3.47 return, 3.69 volume) was likely caused by the **RISC-V and Floating Point headline**, suggesting a major development in chip architecture technology that stock D is positioned to benefit from. The political controversy about DOJ funding and the barbecue joint headline appear unrelated to a tech stock's movement, making the RISC-V news the most probable catalyst for this significant positive market reaction and unusually high trading volume."
DAL,2026-05-20,0.094,3.087344058019962,2.3017793727518083,"# DAL Stock Anomaly Analysis

The 9.4% daily return for DAL (Delta Air Lines) on May 20, 2026, was likely driven by the broader ""Stocks Rally as Crude Oil and Bond Yields Slump"" headline, which is directly positive for airline stocks since lower oil prices reduce fuel costs—a major expense for airlines. The strong volume Z-score (2.30) combined with the elevated return Z-score (3.09) suggests this was a market-wide rally rather than company-specific news, with airlines being a primary beneficiary of cheaper crude oil. The other two headlines appear unrelated to Delta's operations and likely had minimal impact on this particular move."
DELL,2026-05-29,0.328,3.2540500820858638,3.2336620738185986,"# DELL Stock Anomaly Analysis

Dell's 32.8% surge appears driven by a confluence of positive catalysts: the announcement of Nvidia's new N1X laptop processors (positioning Dell as a key beneficiary in the AI laptop market) combined with Dell's stellar earnings beat on AI server revenues that exceeded analyst expectations. Additionally, Trump's personal investment stake in Dell likely attracted retail investor attention and momentum trading, amplifying the move beyond fundamental factors alone."
DLTR,2026-05-28,0.179,3.5140796720453644,3.549923462025545,"# DLTR Anomaly Analysis (2026-05-28)

The 17.9% surge in Dollar Tree stock appears driven by broad market euphoria following US-Iran truce reports, which sparked record highs across the S&P 500 and Nasdaq 100. As a consumer discretionary retailer, DLTR likely benefited from the positive market sentiment and reduced geopolitical risk premium, which typically boosts retail spending outlook. The elevated volume Z-score (3.55) confirms significant institutional participation in the rally, suggesting investors rotated into beaten-down or undervalued discount retail names during the risk-on market environment."
DOC,2026-05-29,-0.018,-1.3035910261857386,4.187895084697729,"# DOC Stock Anomaly Analysis

The unusually high volume Z-score (4.19) despite a modest negative return (-1.8%) suggests significant trading activity was driven by entertainment industry news rather than fundamental concerns. The headlines indicate multiple major content releases and partnerships (including a high-profile Disney+ docuseries with Ryan Reynolds and Hugh Jackman), which likely generated substantial investor interest and trading volume. This disconnect between the relatively mild price decline and elevated trading activity suggests the market was processing positive content announcements while profit-taking or sector rotation created the modest downward pressure on the stock price."
EL,2026-05-22,0.119,3.09920395761445,2.96433420099644,"# EL Stock Anomaly Analysis

The 11.9% daily return spike for EL (Estée Lauder) appears to be driven by positive sentiment from the dismissal of criminal charges against Kilmar Abrego Garcia, suggesting resolution of legal uncertainties that may have weighed on the company or its leadership. Additionally, the headline about ""The Gulf's AI Boom Has an Underscore Cable Problem"" may indicate emerging opportunities in AI infrastructure development in a key regional market. The combination of legal clarity and potential new growth avenues likely triggered buying interest, evidenced by the elevated volume Z-score (2.96) accompanying the price surge."
GPN,2026-06-03,-0.083,-3.185325216243531,3.746085812829323,"# GPN Anomaly Analysis

The sharp -8.3% decline in GPN stock on June 3, 2026, likely reflects broader market deterioration driven by geopolitical uncertainty surrounding failing US-Iran peace negotiations. The elevated volume Z-score (3.75) suggests panic selling across the market as investors fled risk assets in response to escalating tensions. This geopolitical shock, rather than company-specific news, appears to be the primary driver of the extreme negative return (-3.19 Z-score), indicating GPN moved significantly worse than its typical daily volatility would predict."
HAS,2026-05-20,-0.088,-3.2991829738483553,3.5119392369140057,"# HAS Stock Anomaly Analysis

The significant -8.8% drop with a -3.30 return Z-score was likely triggered by the headline regarding UK Russia oil sanctions, which may have raised concerns about geopolitical trade impacts on Hasbro's supply chain or international business operations. The elevated volume Z-score of 3.51 suggests panic selling by investors reacting to this geopolitical uncertainty. While the Anker laptop power bank headline is unrelated to HAS, the combination of negative geopolitical news and unusually high trading volume indicates the market was repricing risk on the stock due to potential sanctions implications."
HOOD,2026-05-29,0.112,2.0018756761535808,3.1019065817237843,"# HOOD Stock Anomaly Analysis

The 11.2% daily surge in HOOD (Robinhood Markets) was likely driven by retail investor enthusiasm sparked by the oil crisis headline, which typically triggers increased trading activity and volatility in the markets—a core driver of Robinhood's brokerage business. The elevated volume Z-score (3.10) suggests significantly above-average trading interest, possibly reflecting retail traders positioning themselves around energy sector volatility or broader market movement. Additionally, mentions of major tech upgrades (Apple's camera roadmap) and consumer product discounts could have boosted overall market sentiment and retail trading engagement on the platform."
HPE,2026-06-02,0.195,2.5158889321542444,3.0183355642406813,"# HPE Stock Anomaly Analysis

The exceptional 19.5% daily return appears driven by multiple positive catalysts: HPE announced it will achieve its 2028 financial targets two years ahead of schedule, signaling stronger-than-expected business momentum and operational execution. This beat was likely reinforced by positive commentary on sales outlook and a key executive appointment (HPE veteran taking Trade Desk's top finance role), which together boosted investor confidence in the company's strategic direction and financial health."
HRL,2026-05-29,-0.015,-0.7428063175325221,4.150272322847787,"# HRL Stock Anomaly Analysis

The major airport court setback likely triggered the -1.5% daily decline, as negative legal outcomes typically signal reduced future revenue prospects or increased operational challenges for airport-related businesses. The exceptionally high volume Z-score (4.15) indicates abnormally heavy trading activity, suggesting investors rushed to exit positions in response to the court ruling news, which explains why the stock was ""frozen"" – likely due to trading halts triggered by the sharp price movement and elevated volatility from this significant negative development."
INTU,2026-05-21,-0.2,-3.096912567309076,3.3433583598860217,"# INTU Stock Anomaly Analysis

The -20% decline appears to be driven by investor disappointment with Intuit's **TurboTax revenue outlook**, which missed expectations despite the company posting stronger overall earnings guidance. This was compounded by the market's negative reaction to **3,000+ job cuts**, which investors interpreted as a sign of struggle despite management's framing it as part of an AI transformation strategy. The high volume Z-score (3.34) confirms this was a significant sell-off event, likely as investors repriced the stock based on concerns about near-term TurboTax performance overshadowing longer-term AI opportunities in QuickBooks."
KLAC,2026-06-05,-0.095,-2.5486252501655446,3.337538118315562,"# KLAC Anomaly Analysis

Since no news headlines were found for this date, the significant -9.5% decline appears to be driven by **technical market factors rather than company-specific events**. The elevated volume Z-score (3.34) suggests heavy institutional selling pressure, possibly triggered by broader semiconductor sector weakness, market-wide corrections, or profit-taking in a volatile trading session. Without accompanying news, this represents a pure volatility event rather than a fundamental business development."
LRCX,2026-06-05,-0.098,-2.574146038280413,3.225416057105569,"# LRCX Stock Anomaly Analysis

Without any news headlines available, the significant -9.8% decline with a -2.57 Z-score (roughly 2.5 standard deviations below normal) cannot be directly attributed to company-specific events or market news. However, the elevated volume Z-score of 3.23 suggests this was a high-volume selloff, which could indicate a broader market correction, sector-wide downturn in semiconductor/equipment stocks, or a delayed reaction to previous undisclosed developments."
LULU,2026-06-05,-0.086,-2.7530986395056107,3.6800611403788155,"# LULU Stock Anomaly Analysis

Lululemon experienced a significant -8.6% drop on June 5, 2026, triggered by the company's decision to cut its annual guidance, citing negative commentary and disappointing product launches. This earnings-related downgrade represents a fundamental shift in investor expectations, causing the sharp negative return that is 2.75 standard deviations below the mean. The elevated volume Z-score of 3.68 indicates heavy trading activity as investors rushed to exit positions in response to the weakened forward outlook."
MGM,2026-06-01,0.161,3.2031353273493144,3.9682779810704902,"# MGM Stock Anomaly Analysis

The 16.1% daily surge was primarily driven by news of a potential $18 billion buyout offer for MGM Resorts, which triggered significant investor buying interest and explains both the exceptional return and elevated trading volume. Barry Diller's involvement through his People Inc. further fueled speculation about a major acquisition or restructuring, creating momentum among shareholders anticipating a transformational deal. The buyout rumors represent a classic catalyst for outsized single-day moves, as investors rushed to position themselves ahead of potential takeover developments."
NTAP,2026-05-29,0.224,3.3117810564223427,3.6451467823550634,"# NTAP Anomaly Analysis

Since no news headlines were found for this date, the 22.4% daily surge in NTAP stock was likely driven by **market-wide factors or company-specific developments not captured in major news sources**—such as an after-hours earnings beat, insider activity, analyst upgrade, or sector rotation into storage/data management stocks. The extremely high volume Z-score (3.65) suggests unusual institutional trading activity, which typically accompanies significant corporate announcements, analyst actions, or broader market events affecting NetApp's business prospects."
NTRS,2026-05-29,-0.017,-1.9448649446236612,4.048826260468985,"# NTRS Anomaly Analysis

Based on the available data, the -1.7% decline with a notably elevated volume Z-score of 4.05 suggests **significant selling pressure driven by institutional or large block transactions rather than company-specific news**. Since no news headlines were found, this movement was likely triggered by broader market conditions, sector rotation, or technical selling at key price levels. The combination of moderate negative returns with exceptionally high trading volume indicates this was a volume-driven sell-off rather than a news-driven event."
NXPI,2026-06-05,-0.081,-2.274961589698375,3.040613005491928,"# NXPI Anomaly Analysis (2026-06-05)

Without any news headlines available, the significant -8.1% daily decline appears to be driven by **technical and market factors rather than company-specific news**. The elevated volume Z-score (3.04) suggests unusual trading activity, possibly indicating institutional selling, sector-wide pressure, or a market-wide correction affecting semiconductor stocks. The -2.27 return Z-score confirms this is a statistically significant move, but without accompanying news, it's likely a reaction to broader market conditions or pre-market developments not yet captured in headlines."
PLTR,2026-05-29,0.092,2.2984654701647274,3.42647282907585,"# PLTR Stock Anomaly Analysis

The significant 9.2% daily gain and elevated volume appear driven by positive sentiment spillover from competing companies' earnings reports. Both Dell and Snowflake's earnings results likely reignited investor confidence in AI-related stocks and data analytics platforms, causing Wall Street analysts to reassess Palantir's growth prospects and upgrade price targets. This sector-wide optimism, combined with PLTR's direct positioning in AI and enterprise data solutions, triggered buying pressure that exceeded normal trading patterns (evidenced by the high Z-scores)."
Q,2026-05-12,0.099,2.3131617727938334,3.130894847367804,"# Analysis of Stock Q Anomaly (2026-05-12)

Based on the headlines provided, the significant 9.9% daily return and elevated volume Z-score (3.13) appear disconnected from typical market catalysts, as the news items reference tech events (Hackaday Europe, Scrcpy v4.0) and F1 racing discussions rather than company-specific developments. The anomaly is likely driven by broader market sentiment, algorithmic trading responses, or sector-wide movements rather than direct news about Stock Q itself. Without company-specific announcements in the headlines, this appears to be either a coincidental timing event or a response to general market momentum in the technology sector."
REGN,2026-05-18,-0.098,-3.4323599262242865,3.156471301917566,"# REGN Stock Anomaly Analysis

The sharp 9.8% decline in Regeneron stock on May 18, 2026, was primarily driven by the failure of a Phase 3 melanoma trial to meet its key endpoint, which represents a significant setback for a major pipeline candidate and raises concerns about the company's near-term growth prospects. The unusually high volume (Z-score of 3.16) suggests panic selling as investors rushed to exit positions following the negative clinical trial results. Additionally, the initiation of an investigation into the company's officers and directors likely amplified the selloff by adding corporate governance concerns on top of the failed trial news."
RL,2026-05-21,0.139,3.6957294142682118,3.412079142846163,"# Analysis of RL Stock Anomaly (May 21, 2026)

The 13.9% daily surge with a 3.70 return z-score was likely driven by the release of **RL-Deploy 2.6.2.0 and MASA-Safe-RL 0.2.4** software updates, which suggest significant product developments that excited investors. The elevated volume z-score (3.41) confirms this was accompanied by unusually high trading activity, indicating strong market interest in these technical releases rather than news-driven speculation about NATO or US troop positioning."
RMD,2026-05-29,-0.063,-2.5733553887548775,3.32815614623469,"# RMD Stock Anomaly Analysis

The negative 6.3% decline with elevated volume (Z-score 3.33) was likely triggered by broader market concerns about retirement savings strategies and IRA planning, as suggested by the headline about costly IRA mistakes. Since ResMed (RMD) is a healthcare/medical device company with significant exposure to retirement-age demographics, negative sentiment around retirement adequacy may have prompted investors to reassess healthcare-related holdings in their portfolios. The high trading volume indicates this was a coordinated market reaction rather than company-specific news, reflecting sector-wide profit-taking or reallocation away from healthcare stocks perceived as beneficiaries of aging populations."
SNPS,2026-05-28,-0.086,-2.685425090255956,3.2467319478117656,"# SNPS Stock Anomaly Analysis

The dramatic -8.6% decline appears to be a **ticker symbol confusion issue** rather than company-specific news. The headlines reference Scottish National Party (SNP) political news and healthcare research about I-SNP enrollment outcomes—none of which relate to Synopsys Inc. (SNPS), the semiconductor design software company. The elevated volume Z-score (3.25) suggests unusual trading activity, likely driven by investors mistakenly buying/selling SNPS based on unrelated SNP-acronym news, causing a sharp price correction once the confusion cleared."
SOLV,2026-05-29,-0.013,-1.079590069788472,4.172726422881224,"# SOLV Stock Anomaly Analysis

The negative return despite positive news likely reflects typical market reaction to equity dilution from the upsized public offering. When companies announce increased share issuance, the stock often declines initially as investors worry about earnings per share dilution, even though the capital raised may be strategically beneficial. The exceptionally high volume Z-score (4.17) confirms heavy trading activity coinciding with the offering announcement, which typically drives temporary price weakness as existing shareholders adjust positions."
TGT,2026-05-20,-0.039,-1.6818883219992686,3.641470723582012,"# TGT Stock Anomaly Analysis (May 20, 2026)

The unusually high volume (Z-score 3.64) combined with a modest negative return (-3.9%) suggests mixed market sentiment following Target's Q1 2026 earnings call. While broader market conditions showed optimism (Nasdaq futures climbing on falling bond yields), investors may have reacted negatively to specific Q1 earnings results or guidance, creating a sell-off despite overall market strength—a classic case of stock-specific weakness diverging from positive macro conditions."
TPL,2026-05-29,-0.021,-0.6423191455396123,3.9698820915494712,"# TPL Stock Anomaly Analysis

Without any news headlines available, the -2.1% decline appears to be a **technical or market-driven move** rather than company-specific news. The notably high volume Z-score of 3.97 suggests unusual trading activity that may have been driven by broader market conditions, algorithmic trading, or sector-wide movements rather than fundamental news about the company."
UDR,2026-05-29,-0.026,-2.230950772577847,4.168868125259922,"# UDR Stock Anomaly Analysis

Since no news headlines were found for UDR on 2026-05-29, the -2.6% decline appears to be driven by technical factors rather than company-specific events. The exceptionally high volume Z-score of 4.17 suggests unusual trading activity—possibly profit-taking, sector-wide selling pressure in real estate/REITs, or response to broader market conditions. Without accompanying news, this looks like a liquidity-driven or market-sentiment-driven move rather than an UDR-specific catalyst."
UHS,2026-05-29,-0.027,-1.2704554825129872,4.108792198636669,"# UHS Stock Anomaly Analysis

The significant volume spike (Z-score of 4.11) was likely driven by stockholder voting on Talkspace's acquisition by UHS, which would generate substantial trading activity as investors reacted to the deal approval. However, the concurrent 2.7% daily decline suggests market concerns about the acquisition's terms or integration risks, possibly indicating shareholders were not entirely satisfied with the deal despite voting it through. The unrelated Canon camera deal headline appears coincidental and unlikely to impact UHS directly."
WRB,2026-05-29,-0.012,-0.8846036778410173,4.05687673421358,"# WRB Anomaly Analysis

Without any news headlines available, the -1.2% daily decline appears to be driven by **technical factors rather than company-specific events**. The exceptionally high volume Z-score of 4.06 (indicating trading volume nearly 4 standard deviations above normal) suggests the selling pressure was driven by broad market movements, algorithmic trading, or sector-wide concerns rather than WRB-specific news."
